Workbook

Sheet 구매 BOM
A2: UART 보드 추가 소요 BOM
A4: UART 제작 수량 | C4: 10 | D4: 대 (수정 가능) | F4: 공통품 추가 수량 | G4: =IF(COUNT(J10:J23)=14,SUMIFS(J10:J23,C10:C23,"기존 PPG 공통품"),"수량 확인") -> 50 | H4: 신규 품목 추가 수량 | J4: =IF(COUNT(J10:J23)=14,SUMIFS(J10:J23,C10:C23,"UART 신규 품목"),"수량 확인") -> 200
A5: 기존 PPG 제작 수량에 추가되는 UART 보드 실소요량. 재고 차감 및 실장 여유분 미반영.
A6: 공통품도 UART 제작에 필요한 추가분을 전량 포함합니다. MPN 미지정 품목은 발주 전에 제조사와 품번을 확정해야 합니다.
A7: 크기: 미터 규격을 우선 표시하고, 해당되는 경우 인치 규격을 함께 표기했습니다.
A9: 품목 | B9: UART Ref | C9: 기존 PPG 비교 | D9: 품명 / 값 | E9: 크기 / 패키지 | F9: 정격 / 공차 / 유전체 | G9: 제조사 | H9: MPN | I9: 1보드 추가 (개) | J9: 제작 수량 추가 (개) | K9: 기존 PPG Ref | L9: 품번 상태
A10: 1 | B10: C1 | C10: UART 신규 품목 | D10: MLCC 10 µF | E10: 1608 (1.6 × 0.8 mm) 인치 0603 | F10: 정격 25 V 공차 미지정 / 유전체 미지정 | G10: 미지정 | H10: 미지정 | I10: =COUNTIFS('원본 부품'!$B$12:$B$43,A10,'원본 부품'!$C$12:$C$43,"예") -> 1 | J10: =IF(AND(ISNUMBER($C$4),$C$4>=0,MOD($C$4,1)=0),I10*$C$4,"수량 확인") -> 10 | K10: — | L10: MPN 미지정
A11: 2 | B11: C2, C6, C7, C8 | C11: UART 신규 품목 | D11: MLCC 22 µF | E11: 1608 (1.6 × 0.8 mm) 인치 0603 | F11: 정격 10 V 공차 20% / X5R | G11: TDK | H11: C1608X5R1A226M080AC | I11: =COUNTIFS('원본 부품'!$B$12:$B$43,A11,'원본 부품'!$C$12:$C$43,"예") -> 4 | J11: =IF(AND(ISNUMBER($C$4),$C$4>=0,MOD($C$4,1)=0),I11*$C$4,"수량 확인") -> 40 | K11: — | L11: 품번 지정
A12: 3 | B12: C3, C4, C5 | C12: UART 신규 품목 | D12: MLCC 100 nF | E12: 1608 (1.6 × 0.8 mm) 인치 0603 | F12: 정격 25 V 공차 미지정 / 유전체 미지정 | G12: 미지정 | H12: 미지정 | I12: =COUNTIFS('원본 부품'!$B$12:$B$43,A12,'원본 부품'!$C$12:$C$43,"예") -> 3 | J12: =IF(AND(ISNUMBER($C$4),$C$4>=0,MOD($C$4,1)=0),I12*$C$4,"수량 확인") -> 30 | K12: — | L12: MPN 미지정
A13: 4 | B13: D1, D2 | C13: UART 신규 품목 | D13: TVS CDSOT23-SM712 | E13: SOT-23 | F13: — | G13: Bourns | H13: CDSOT23-SM712 | I13: =COUNTIFS('원본 부품'!$B$12:$B$43,A13,'원본 부품'!$C$12:$C$43,"예") -> 2 | J13: =IF(AND(ISNUMBER($C$4),$C$4>=0,MOD($C$4,1)=0),I13*$C$4,"수량 확인") -> 20 | K13: — | L13: 품번 지정 | M13: 시간 걸릴경우 NC처리
A14: 5 | B14: D3, D4 | C14: 기존 PPG 공통품 | D14: TVS ESD351DPYR | E14: DPY, 1.0 × 0.6 mm | F14: — | G14: Texas Instruments | H14: ESD351DPYR | I14: =COUNTIFS('원본 부품'!$B$12:$B$43,A14,'원본 부품'!$C$12:$C$43,"예") -> 2 | J14: =IF(AND(ISNUMBER($C$4),$C$4>=0,MOD($C$4,1)=0),I14*$C$4,"수량 확인") -> 20 | K14: D6, D7, D8 | L14: 품번 지정
A15: 6 | B15: FB1 | C15: 기존 PPG 공통품 | D15: 페라이트 비드 BLM15PX601SN1D | E15: 1005 (1.0 × 0.5 mm) 인치 0402 | F15: — | G15: Murata | H15: BLM15PX601SN1D | I15: =COUNTIFS('원본 부품'!$B$12:$B$43,A15,'원본 부품'!$C$12:$C$43,"예") -> 1 | J15: =IF(AND(ISNUMBER($C$4),$C$4>=0,MOD($C$4,1)=0),I15*$C$4,"수량 확인") -> 10 | K15: FB1 | L15: 품번 지정
A16: 7 | B16: R1 | C16: UART 신규 품목 | D16: 저항 120 Ω | E16: 1608 (1.6 × 0.8 mm) 인치 0603 | F16: 공차 1% 전력정격 미지정 | G16: 미지정 | H16: 미지정 | I16: =COUNTIFS('원본 부품'!$B$12:$B$43,A16,'원본 부품'!$C$12:$C$43,"예") -> 1 | J16: =IF(AND(ISNUMBER($C$4),$C$4>=0,MOD($C$4,1)=0),I16*$C$4,"수량 확인") -> 10 | K16: — | L16: MPN 미지정
A17: 8 | B17: R2, R3, R4, R5 | C17: UART 신규 품목 | D17: 저항 22 Ω | E17: 1608 (1.6 × 0.8 mm) 인치 0603 | F17: 공차 미지정 전력정격 미지정 | G17: 미지정 | H17: 미지정 | I17: =COUNTIFS('원본 부품'!$B$12:$B$43,A17,'원본 부품'!$C$12:$C$43,"예") -> 4 | J17: =IF(AND(ISNUMBER($C$4),$C$4>=0,MOD($C$4,1)=0),I17*$C$4,"수량 확인") -> 40 | K17: — | L17: MPN 미지정
A18: 9 | B18: R6 | C18: UART 신규 품목 | D18: 저항 10 kΩ | E18: 1608 (1.6 × 0.8 mm) 인치 0603 | F18: 공차 미지정 전력정격 미지정 | G18: 미지정 | H18: 미지정 | I18: =COUNTIFS('원본 부품'!$B$12:$B$43,A18,'원본 부품'!$C$12:$C$43,"예") -> 1 | J18: =IF(AND(ISNUMBER($C$4),$C$4>=0,MOD($C$4,1)=0),I18*$C$4,"수량 확인") -> 10 | K18: — | L18: MPN 미지정
A19: 10 | B19: R7, R8 | C19: UART 신규 품목 | D19: 저항 100 Ω | E19: 1608 (1.6 × 0.8 mm) 인치 0603 | F19: 공차 미지정 전력정격 미지정 | G19: 미지정 | H19: 미지정 | I19: =COUNTIFS('원본 부품'!$B$12:$B$43,A19,'원본 부품'!$C$12:$C$43,"예") -> 2 | J19: =IF(AND(ISNUMBER($C$4),$C$4>=0,MOD($C$4,1)=0),I19*$C$4,"수량 확인") -> 20 | K19: — | L19: MPN 미지정
A20: 11 | B20: R9 | C20: UART 신규 품목 | D20: 저항 1 Ω | E20: 3216 (3.2 × 1.6 mm) 인치 1206 | F20: 공차 미지정 전력정격 미지정 | G20: 미지정 | H20: 미지정 | I20: =COUNTIFS('원본 부품'!$B$12:$B$43,A20,'원본 부품'!$C$12:$C$43,"예") -> 1 | J20: =IF(AND(ISNUMBER($C$4),$C$4>=0,MOD($C$4,1)=0),I20*$C$4,"수량 확인") -> 10 | K20: — | L20: MPN 미지정
A21: 12 | B21: U1 | C21: UART 신규 품목 | D21: IC LD1117S33TR | E21: SOT-223, Tab = OUT | F21: — | G21: STMicroelectronics | H21: LD1117S33TR | I21: =COUNTIFS('원본 부품'!$B$12:$B$43,A21,'원본 부품'!$C$12:$C$43,"예") -> 1 | J21: =IF(AND(ISNUMBER($C$4),$C$4>=0,MOD($C$4,1)=0),I21*$C$4,"수량 확인") -> 10 | K21: — | L21: 품번 지정
A22: 13 | B22: U2 | C22: 기존 PPG 공통품 | D22: IC XR33194ESBTR | E22: TSOT-23-6 | F22: — | G22: MaxLinear | H22: XR33194ESBTR | I22: =COUNTIFS('원본 부품'!$B$12:$B$43,A22,'원본 부품'!$C$12:$C$43,"예") -> 1 | J22: =IF(AND(ISNUMBER($C$4),$C$4>=0,MOD($C$4,1)=0),I22*$C$4,"수량 확인") -> 10 | K22: U3 | L22: 품번 지정
A23: 14 | B23: U3 | C23: 기존 PPG 공통품 | D23: IC XR33183ESBTR | E23: TSOT-23-6 | F23: — | G23: MaxLinear | H23: XR33183ESBTR | I23: =COUNTIFS('원본 부품'!$B$12:$B$43,A23,'원본 부품'!$C$12:$C$43,"예") -> 1 | J23: =IF(AND(ISNUMBER($C$4),$C$4>=0,MOD($C$4,1)=0),I23*$C$4,"수량 확인") -> 10 | K23: U6 | L23: 품번 지정
H24: 추가 소요 합계 | I24: =SUM(I10:I23) -> 25 | J24: =IF(COUNT(J10:J23)=14,SUM(J10:J23),"수량 확인") -> 250
A27: 품목별 용도 및 미지정 규격
A28: 1 | B28: C1 | C28: LDO 입력 벌크 MLCC. MPN·공차·유전체 미지정.
A29: 2 | B29: C2, C6, C7, C8 | C29: LDO 출력 MLCC 병렬 뱅크.
A30: 3 | B30: C3, C4, C5 | C30: LDO 입력 및 RS422 IC 전원 바이패스. MPN·공차·유전체 미지정.
A31: 4 | B31: D1, D2 | C31: RS422 케이블 ESD 보호.
A32: 5 | B32: D3, D4 | C32: UART ESD 보호.
A33: 6 | B33: FB1 | C33: LDO 입력 전원 필터.
A34: 7 | B34: R1 | C34: 수신 종단 저항. MPN·전력정격 미지정.
A35: 8 | B35: R2, R3, R4, R5 | C35: RS422 직렬 저항. MPN·공차·전력정격 미지정.
A36: 9 | B36: R6 | C36: 풀 저항. MPN·공차·전력정격 미지정.
A37: 10 | B37: R7, R8 | C37: UART 직렬 저항. MPN·공차·전력정격 미지정.
A38: 11 | B38: R9 | C38: 출력 MLCC 분기 ESR 저항. MPN·공차·전력정격 미지정.
A39: 12 | B39: U1 | C39: 9 V 입력, 3.3 V LDO.
... A41: 14 | B41: U3 | C41: PPG TXP/TXN 수신.

Sheet 원본 부품
A2: UART 원본 부품 및 구매 구분
A4: 기준일: 2026-10-13 / 회로도: ppg_uart_adapter_v01.kicad_sch
A5: PCB: ppg_uart_adapter_v01.kicad_pcb / 기존 PPG 비교: MVP-PPG_BOM_20261006.xlsx (2026-10-06)
A6: 구매 여부는 실장 부품을 기준으로 구분했습니다. 전선 패드 J1~J3와 비도금 홀 H1~H4는 구매 수량에서 제외합니다.
A7: 기존 PPG BOM의 제작 대수는 UART 추가 수량에 사용하지 않습니다. 부품 품번·패키지의 공통 여부만 비교합니다.
A8: 공란은 원본에 지정되지 않은 항목입니다. 회로도 및 PCB의 DNP·BOM 제외 설정은 각각 보존했습니다.
A11: UART Ref | B11: 품목 번호 | C11: 구매 대상 | D11: 구분 | E11: 부품 값 | F11: MPN 원본 | G11: 제조사 원본 | H11: 풋프린트 | I11: 전압 원본 | J11: 공차 원본 | K11: 유전체 원본 | L11: 회로도 DNP | M11: 회로도 BOM 제외 | N11: SMD 속성 | O11: 면 | P11: PCB DNP | Q11: PCB BOM 제외 | R11: PCB POS 제외 | S11: 데이터시트 | T11: 원본 설명
A12: C1 | B12: 1 | C12: 예 | D12: 실장부품 | E12: 10 µF | H12: Capacitor_SMD:C_0603_1608Metric | I12: 25 V | L12: 아니오 | M12: 아니오 | N12: 예 | O12: Bottom | P12: 아니오 | Q12: 아니오 | R12: 아니오 | T12: Input bulk MLCC,metric1608; exact MPN pending
A13: C2 | B13: 2 | C13: 예 | D13: 실장부품 | E13: 22 µF | F13: C1608X5R1A226M080AC | G13: TDK | H13: Capacitor_SMD:C_0603_1608Metric | I13: 10 V | J13: 20% | K13: X5R | L13: 아니오 | M13: 아니오 | N13: 예 | O13: Bottom | P13: 아니오 | Q13: 아니오 | R13: 아니오 | S13: https://product.tdk.com/en/search/capacitor/ceramic/mlcc/info?part_no=C1608X5R1A226M080AC | T13: Metric1608 X5R MLCC; parallel bank behind R9; total effective capacitance at3.3V must remain >=10uF including tolerance
A14: C3 | B14: 3 | C14: 예 | D14: 실장부품 | E14: 100 nF | H14: Capacitor_SMD:C_0603_1608Metric | I14: 25 V | L14: 아니오 | M14: 아니오 | N14: 예 | O14: Bottom | P14: 아니오 | Q14: 아니오 | R14: 아니오 | T14: Place at LD1117 input; metric1608 MLCC
A15: C4 | B15: 3 | C15: 예 | D15: 실장부품 | E15: 100 nF | H15: Capacitor_SMD:C_0603_1608Metric | I15: 25 V | L15: 아니오 | M15: 아니오 | N15: 예 | O15: Bottom | P15: 아니오 | Q15: 아니오 | R15: 아니오 | T15: U2 VCC local bypass; metric1608 MLCC
A16: C5 | B16: 3 | C16: 예 | D16: 실장부품 | E16: 100 nF | H16: Capacitor_SMD:C_0603_1608Metric | I16: 25 V | L16: 아니오 | M16: 아니오 | N16: 예 | O16: Bottom | P16: 아니오 | Q16: 아니오 | R16: 아니오 | T16: U3 VCC local bypass; metric1608 MLCC
A17: C6 | B17: 2 | C17: 예 | D17: 실장부품 | E17: 22 µF | F17: C1608X5R1A226M080AC | G17: TDK | H17: Capacitor_SMD:C_0603_1608Metric | I17: 10 V | J17: 20% | K17: X5R | L17: 아니오 | M17: 아니오 | N17: 예 | O17: Bottom | P17: 아니오 | Q17: 아니오 | R17: 아니오 | S17: https://product.tdk.com/en/search/capacitor/ceramic/mlcc/info?part_no=C1608X5R1A226M080AC | T17: Metric1608 X5R MLCC; parallel bank behind R9; total effective capacitance at3.3V must remain >=10uF including tolerance
A18: C7 | B18: 2 | C18: 예 | D18: 실장부품 | E18: 22 µF | F18: C1608X5R1A226M080AC | G18: TDK | H18: Capacitor_SMD:C_0603_1608Metric | I18: 10 V | J18: 20% | K18: X5R | L18: 아니오 | M18: 아니오 | N18: 예 | O18: Bottom | P18: 아니오 | Q18: 아니오 | R18: 아니오 | S18: https://product.tdk.com/en/search/capacitor/ceramic/mlcc/info?part_no=C1608X5R1A226M080AC | T18: Metric1608 X5R MLCC; parallel bank behind R9; total effective capacitance at3.3V must remain >=10uF including tolerance
A19: C8 | B19: 2 | C19: 예 | D19: 실장부품 | E19: 22 µF | F19: C1608X5R1A226M080AC | G19: TDK | H19: Capacitor_SMD:C_0603_1608Metric | I19: 10 V | J19: 20% | K19: X5R | L19: 아니오 | M19: 아니오 | N19: 예 | O19: Bottom | P19: 아니오 | Q19: 아니오 | R19: 아니오 | S19: https://product.tdk.com/en/search/capacitor/ceramic/mlcc/info?part_no=C1608X5R1A226M080AC | T19: Metric1608 X5R MLCC; parallel bank behind R9; total effective capacitance at3.3V must remain >=10uF including tolerance
A20: D1 | B20: 4 | C20: 예 | D20: 실장부품 | E20: CDSOT23-SM712 | F20: CDSOT23-SM712 | G20: Bourns | H20: Package_TO_SOT_SMD:SOT-23 | L20: 아니오 | M20: 아니오 | N20: 예 | O20: Bottom | P20: 아니오 | Q20: 아니오 | R20: 아니오 | S20: https://www.bourns.com/pdfs/CDSOT23-SM712.pdf | T20: Two-line RS422 TVS, pins1/2 signal,pin3GND; connector-side of series resistors
A21: D2 | B21: 4 | C21: 예 | D21: 실장부품 | E21: CDSOT23-SM712 | F21: CDSOT23-SM712 | G21: Bourns | H21: Package_TO_SOT_SMD:SOT-23 | L21: 아니오 | M21: 아니오 | N21: 예 | O21: Bottom | P21: 아니오 | Q21: 아니오 | R21: 아니오 | S21: https://www.bourns.com/pdfs/CDSOT23-SM712.pdf | T21: Transmit pair cable-side protection; far-end termination exists on PPG
A22: D3 | B22: 5 | C22: 예 | D22: 실장부품 | E22: ESD351DPYR | F22: ESD351DPYR | G22: Texas Instruments | H22: Adapter:TI_DPY0002A_1x0.6 | L22: 아니오 | M22: 아니오 | N22: 예 | O22: Bottom | P22: 아니오 | Q22: 아니오 | R22: 아니오 | S22: https://www.ti.com/lit/ds/symlink/esd351.pdf | T22: UART connector ESD shunt; route pad to TVS landing before internal series resistor
A23: D4 | B23: 5 | C23: 예 | D23: 실장부품 | E23: ESD351DPYR | F23: ESD351DPYR | G23: Texas Instruments | H23: Adapter:TI_DPY0002A_1x0.6 | L23: 아니오 | M23: 아니오 | N23: 예 | O23: Bottom | P23: 아니오 | Q23: 아니오 | R23: 아니오 | S23: https://www.ti.com/lit/ds/symlink/esd351.pdf | T23: UART connector ESD shunt; route pad to TVS landing before internal series resistor
A24: FB1 | B24: 6 | C24: 예 | D24: 실장부품 | E24: BLM15PX601SN1D | F24: BLM15PX601SN1D | G24: Murata | H24: Inductor_SMD:L_0402_1005Metric | L24: 아니오 | M24: 아니오 | N24: 예 | O24: Bottom | P24: 아니오 | Q24: 아니오 | R24: 아니오 | S24: https://www.murata.com/en-us/products/productdetail?partno=BLM15PX601SN1%23 | T24: Local LDO input filter; PPG power branches before this bead
A25: H1 | C25: 아니오 | D25: NPTH 가공 홀, 구매 제외 | E25: Ø3.0 mm NPTH | H25: Adapter:MountingHole_3mm_Clearance11mm | L25: 아니오 | M25: 아니오 | N25: 아니오 | O25: Bottom | P25: 아니오 | Q25: 아니오 | R25: 예 | T25: 기구 가공 항목: Ø3.0 mm 비도금 관통 고정홀(NPTH), 부품 실장 없음; 머리 조립 여유 Ø11 mm
A26: H2 | C26: 아니오 | D26: NPTH 가공 홀, 구매 제외 | E26: Ø3.0 mm NPTH | H26: Adapter:MountingHole_3mm_Clearance11mm | L26: 아니오 | M26: 아니오 | N26: 아니오 | O26: Bottom | P26: 아니오 | Q26: 아니오 | R26: 예 | T26: 기구 가공 항목: Ø3.0 mm 비도금 관통 고정홀(NPTH), 부품 실장 없음; 머리 조립 여유 Ø11 mm
A27: H3 | C27: 아니오 | D27: NPTH 가공 홀, 구매 제외 | E27: Ø3.0 mm NPTH | H27: Adapter:MountingHole_3mm_Clearance11mm | L27: 아니오 | M27: 아니오 | N27: 아니오 | O27: Bottom | P27: 아니오 | Q27: 아니오 | R27: 예 | T27: 기구 가공 항목: Ø3.0 mm 비도금 관통 고정홀(NPTH), 부품 실장 없음; 머리 조립 여유 Ø11 mm
A28: H4 | C28: 아니오 | D28: NPTH 가공 홀, 구매 제외 | E28: Ø3.0 mm NPTH | H28: Adapter:MountingHole_3mm_Clearance11mm | L28: 아니오 | M28: 아니오 | N28: 아니오 | O28: Bottom | P28: 아니오 | Q28: 아니오 | R28: 예 | T28: 기구 가공 항목: Ø3.0 mm 비도금 관통 고정홀(NPTH), 부품 실장 없음; 머리 조립 여유 Ø11 mm
A29: J1 | C29: 아니오 | D29: PCB 전선 납땜 패드, 구매 제외 | E29: 9V INPUT | H29: Adapter:WirePads_1x02_P1.8mm_D1.2 | L29: 아니오 | M29: 아니오 | N29: 예 | O29: Bottom | P29: 아니오 | Q29: 아니오 | R29: 아니오 | T29: Wire solder pads; connector mechanical implementation to be reviewed with PCB outline
A30: J2 | C30: 아니오 | D30: PCB 전선 납땜 패드, 구매 제외 | E30: PPG / 6 WIRES | H30: Adapter:WirePads_1x06_P1.8mm_D1.2 | L30: 아니오 | M30: 아니오 | N30: 예 | O30: Bottom | P30: 아니오 | Q30: 아니오 | R30: 아니오 | T30: Wire solder pads; connector mechanical implementation to be reviewed with PCB outline
A31: J3 | C31: 아니오 | D31: PCB 전선 납땜 패드, 구매 제외 | E31: UART / 3.3V OUT | H31: Adapter:WirePads_1x04_P1.8mm_D1.2 | L31: 아니오 | M31: 아니오 | N31: 예 | O31: Bottom | P31: 아니오 | Q31: 아니오 | R31: 아니오 | T31: Wire solder pads; connector mechanical implementation to be reviewed with PCB outline
A32: R1 | B32: 7 | C32: 예 | D32: 실장부품 | E32: 120 Ω | H32: Resistor_SMD:R_0603_1608Metric | J32: 1% | L32: 아니오 | M32: 아니오 | N32: 예 | O32: Bottom | P32: 아니오 | Q32: 아니오 | R32: 아니오 | T32: Receiving-end termination; match existing PPG120ohm architecture
A33: R2 | B33: 8 | C33: 예 | D33: 실장부품 | E33: 22 Ω | H33: Resistor_SMD:R_0603_1608Metric | L33: 아니오 | M33: 아니오 | N33: 예 | O33: Bottom | P33: 아니오 | Q33: 아니오 | R33: 아니오
A34: R3 | B34: 8 | C34: 예 | D34: 실장부품 | E34: 22 Ω | H34: Resistor_SMD:R_0603_1608Metric | L34: 아니오 | M34: 아니오 | N34: 예 | O34: Bottom | P34: 아니오 | Q34: 아니오 | R34: 아니오
A35: R4 | B35: 8 | C35: 예 | D35: 실장부품 | E35: 22 Ω | H35: Resistor_SMD:R_0603_1608Metric | L35: 아니오 | M35: 아니오 | N35: 예 | O35: Bottom | P35: 아니오 | Q35: 아니오 | R35: 아니오
A36: R5 | B36: 8 | C36: 예 | D36: 실장부품 | E36: 22 Ω | H36: Resistor_SMD:R_0603_1608Metric | L36: 아니오 | M36: 아니오 | N36: 예 | O36: Bottom | P36: 아니오 | Q36: 아니오 | R36: 아니오
A37: R6 | B37: 9 | C37: 예 | D37: 실장부품 | E37: 10 kΩ | H37: Resistor_SMD:R_0603_1608Metric | L37: 아니오 | M37: 아니오 | N37: 예 | O37: Bottom | P37: 아니오 | Q37: 아니오 | R37: 아니오
A38: R7 | B38: 10 | C38: 예 | D38: 실장부품 | E38: 100 Ω | H38: Resistor_SMD:R_0603_1608Metric | L38: 아니오 | M38: 아니오 | N38: 예 | O38: Bottom | P38: 아니오 | Q38: 아니오 | R38: 아니오
A39: R8 | B39: 10 | C39: 예 | D39: 실장부품 | E39: 100 Ω | H39: Resistor_SMD:R_0603_1608Metric | L39: 아니오 | M39: 아니오 | N39: 예 | O39: Bottom | P39: 아니오 | Q39: 아니오 | R39: 아니오
A40: R9 | B40: 11 | C40: 예 | D40: 실장부품 | E40: 1 Ω | H40: Resistor_SMD:R_1206_3216Metric | L40: 아니오 | M40: 아니오 | N40: 예 | O40: Bottom | P40: 아니오 | Q40: 아니오 | R40: 아니오 | T40: LD1117 ceramic output ESR resistor in capacitor branch only; not in load supply path
A41: U1 | B41: 12 | C41: 예 | D41: 실장부품 | E41: LD1117S33TR | F41: LD1117S33TR | G41: STMicroelectronics | H41: Package_TO_SOT_SMD:SOT-223-3_TabPin2 | L41: 아니오 | M41: 아니오 | N41: 예 | O41: Bottom | P41: 아니오 | Q41: 아니오 | R41: 아니오 | S41: https://www.st.com/resource/en/datasheet/ld1117.pdf | T41: User-selected fixed 3.3V LDO; pins1 GND,2 OUT,3 IN; tab electrically OUT
A42: U2 | B42: 13 | C42: 예 | D42: 실장부품 | E42: XR33194ESBTR | F42: XR33194ESBTR | G42: MaxLinear | H42: Adapter:TSOT23-6_MaxLinear | L42: 아니오 | M42: 아니오 | N42: 예 | O42: Bottom | P42: 아니오 | Q42: 아니오 | R42: 아니오 | S42: https://www.maxlinear.com/ds/xr33193_xr33194_xr33195.pdf | T42: Always enabled full-duplex driver; outputs go to PPG RXP/RXN
A43: U3 | B43: 14 | C43: 예 | D43: 실장부품 | E43: XR33183ESBTR | F43: XR33183ESBTR | G43: MaxLinear | H43: Adapter:TSOT23-6_MaxLinear | L43: 아니오 | M43: 아니오 | N43: 예 | O43: Bottom | P43: 아니오 | Q43: 아니오 | R43: 아니오 | S43: https://www.maxlinear.com/ds/xr33180_xr33181_xr33183_xr33184.pdf | T43: Receiver of PPG TX pair; active-low EN tied to GND
